first_name,last_name,birth_date,full_name
theo,greene,1995-12-26,theo greene
miles,brussino,1993-02-01,miles brussino
ayres,bortolani,1969-01-20,ayres bortolani
kadoshnikov,christmas,1993-08-10,kadoshnikov christmas
rashawn,de,1989-08-30,rashawn de
damian,roll,1982-12-09,damian roll
kurucs,humphrey,1990-08-20,kurucs humphrey
adams,dejean-jones,1993-12-23,adams dejean-jones
micov,elie,1984-06-04,micov elie
youssou,mercer,1986-01-01,youssou mercer
sakho,benjamin,1990-04-22,sakho benjamin
pascolo,palsson,1984-02-07,pascolo palsson
mcadoo,black,1984-07-07,mcadoo black
zendon,rivero,1994-11-01,zendon rivero
aldemir,kalaitzakis,1988-06-16,aldemir kalaitzakis
fedor,sy,1994-12-13,fedor sy
gabas,mihm,1995-11-02,gabas mihm
laquintana,wooten,1986-02-24,laquintana wooten
nedovic,maxey,1997-02-03,nedovic maxey
demarre,caloiaro,1995-06-13,demarre caloiaro
zivanovic,pangos,2000-01-16,zivanovic pangos
vuk,niang,1990-03-02,vuk niang
vashil,emchenko,1991-09-17,vashil emchenko
zaytsev,bhullar,2000-03-21,zaytsev bhullar
ndiaye,michineau,1995-12-29,ndiaye michineau
mehmet,cook,1987-01-16,mehmet cook
pittman,pierre,1996-10-06,pittman pierre
vinny,hines,1995-02-18,vinny hines
poska,salin,1981-03-13,poska salin
dequan,brnovic,1992-12-26,dequan brnovic
mottola,omot,1989-01-18,mottola omot
strawberry,hite,1985-01-31,strawberry hite
rafael,selby,2001-01-20,rafael selby
valiev,gordic,2001-04-02,valiev gordic
capela,ezeli,1996-04-12,capela ezeli
dowdell,uzoh,1990-03-07,dowdell uzoh
hiram,harden,1996-10-18,hiram harden
devaughn,schrempf,1994-04-10,devaughn schrempf
omer can,vujacic,1987-07-30,omer can vujacic
sosa,puerto,1982-10-05,sosa puerto
arnett,marble,1988-05-05,arnett marble
edo,beliauskas,1989-04-19,edo beliauskas
alexis,macura,1980-08-02,alexis macura
sahar,beiran,1996-10-24,sahar beiran
tamar,szczerbiak,1970-10-02,tamar szczerbiak
olumide,sergeev,1986-04-18,olumide sergeev
powell,kuzminskas,1991-05-07,powell kuzminskas
per,bayless,1992-07-11,per bayless
siva,jean-charles,1994-02-25,siva jean-charles
al,garuba,1982-07-10,al garuba
markieff,kidd-gilchrist,1991-10-11,markieff kidd-gilchrist
donkor,borchardt,1989-06-17,donkor borchardt
patrick,gabriel,1995-10-18,patrick gabriel
miller,wojciechowski,1988-12-28,miller wojciechowski
calderon,laquintana,1992-10-17,calderon laquintana
harris,melton,1980-03-22,harris melton
milt,hansen,1980-04-30,milt hansen
khalifa,torres,1984-10-21,khalifa torres
collin,cannady,2002-09-07,collin cannady
vlade,sharma,1992-06-30,vlade sharma
elton,bagaric,1979-10-01,elton bagaric
fab,zakharov,1979-07-08,fab zakharov
norvel,donda,1999-12-17,norvel donda
ike,maronka,1982-12-04,ike maronka
ed,czyz,1997-01-02,ed czyz
mantzoukas,shittu,1986-06-10,mantzoukas shittu
eddy,sakho,2001-01-02,eddy sakho
khalid,madsen,1992-10-17,khalid madsen
fletcher,kravic,1984-01-30,fletcher kravic
vitali,wes,1993-06-15,vitali wes
tolga,konate,2000-11-22,tolga konate
grant,joe,1985-02-22,grant joe
simmons,felder,1979-07-12,simmons felder
armoni,mcdermott,1994-09-14,armoni mcdermott
marcelo,mccalebb,1990-01-07,marcelo mccalebb
valerio,kraag,1989-05-14,valerio kraag
mcclintock,magloire,1987-05-13,mcclintock magloire
artest,whaley,1999-04-03,artest whaley
hite,bochoridis,2002-10-29,hite bochoridis
satoransky,jack,1982-04-11,satoransky jack
splitter,jerrett,1980-03-05,splitter jerrett
washington,penberthy,1979-08-22,washington penberthy
immanuel,kuzma,1990-11-23,immanuel kuzma
jameer,fevrier,1995-10-02,jameer fevrier
thaddeus,teodosic,1989-03-06,thaddeus teodosic
dary-sagnes,blue,2000-12-10,dary-sagnes blue
caicedo,handlogten,1998-02-12,caicedo handlogten
hamed,gates,1991-10-29,hamed gates
kleiza,maric,1996-03-15,kleiza maric
ondrej,randle,1992-08-26,ondrej randle
giampaolo,taylor,1985-12-24,giampaolo taylor
clarke,cross,1993-03-13,clarke cross
doncic,mathiang,1981-11-26,doncic mathiang
chappell,kukoc,1994-07-28,chappell kukoc
tobey,candi,2003-06-10,tobey candi
lavor,haislip,1996-03-05,lavor haislip
lopatin,wallace,1984-05-10,lopatin wallace
alonso,blazic,1989-02-26,alonso blazic
miller-mcintyre,stoudamire,1990-10-31,miller-mcintyre stoudamire
bairstow,barros,1992-05-12,bairstow barros
hector,jekiri,1982-02-11,hector jekiri
garlon,fowlkes,1996-12-07,garlon fowlkes
fabricio,kahudi,1991-10-09,fabricio kahudi
edgar,pecchia,1998-09-19,edgar pecchia
leon,happ,2002-07-16,leon happ
cervi,huestis,1983-03-01,cervi huestis
petrucelli,swift,1985-09-07,petrucelli swift
agravanis,tomic,1992-03-10,agravanis tomic
arvydas,gladness,2001-03-16,arvydas gladness
fevrier,vaught,1976-07-16,fevrier vaught
troy,floyd,1983-08-13,troy floyd
maye,smits,1977-10-29,maye smits
ricky,yarbrough,1990-02-02,ricky yarbrough
juan pablo,lillard,1988-12-10,juan pablo lillard
adrien,eric,1979-01-28,adrien eric
divac,creek,1999-08-28,divac creek
daquan,poeta,1986-12-18,daquan poeta
craft,cline,2003-09-04,craft cline
zanotti,abalde,1994-05-14,zanotti abalde
omari,meindl,1980-06-09,omari meindl
ledo,dary-sagnes,1988-04-13,ledo dary-sagnes
darington,lecque,1987-05-11,darington lecque
pavlovic,pope,1997-03-04,pavlovic pope
landers,akyazili,1986-02-04,landers akyazili
clark,hearn,2002-08-30,clark hearn
osas,motovilov,1987-06-27,osas motovilov
mickell,ginat,1979-01-27,mickell ginat
dalibor,barrera,1991-11-28,dalibor barrera
pj,ruffin,1980-10-07,pj ruffin
semen,morse,1997-11-06,semen morse
eddie,siva,1990-05-05,eddie siva
davidson,ndoye,1991-07-08,davidson ndoye
devontae,motos,2001-01-12,devontae motos
perkins,bitadze,1993-02-26,perkins bitadze
reed,isaac,1988-08-20,reed isaac
hasheem,della,1995-03-12,hasheem della
darvin,hammonds,1989-01-05,darvin hammonds
kalin,watanabe,1992-01-20,kalin watanabe
terrel,mccarty,1992-10-03,terrel mccarty
stoudemire,wanamaker,1989-08-17,stoudemire wanamaker
carrington,sloan,1992-11-23,carrington sloan
dixon,teague,1972-06-30,dixon teague
levi,outlaw,2000-09-15,levi outlaw
casarin,luwawu-cabarrot,1988-08-13,casarin luwawu-cabarrot
kyrie,dowdell,2002-04-01,kyrie dowdell
adrian,janning,2000-12-12,adrian janning
sulejmanovic,kalinic,2001-12-24,sulejmanovic kalinic
jon,caglio,1995-08-22,jon caglio
ridvan,labissiere,1989-06-08,ridvan labissiere
demahis ballou,horton-tucker,1990-06-03,demahis ballou horton-tucker
hobson,o'neale,1996-01-26,hobson o'neale
darrell,woodard,1991-08-24,darrell woodard
diaw,anigbogu,1997-11-18,diaw anigbogu
dale,buechler,1997-08-15,dale buechler
kuzminskas,ventura,1999-07-04,kuzminskas ventura
rok,pittman,1992-08-18,rok pittman
cat,cheaney,1984-04-21,cat cheaney
aleksandar,love,1988-06-17,aleksandar love
adiguzel,auguste,1995-04-27,adiguzel auguste
zan,brissett,1991-12-03,zan brissett
bogdan,joesaar,1983-10-09,bogdan joesaar
harvey,miranda,1993-01-11,harvey miranda
sehovic,henson,2001-09-09,sehovic henson
baez,mejri,1990-08-14,baez mejri
peyton,ozmizrak,2000-11-25,peyton ozmizrak
augustine,elleby,1992-06-12,augustine elleby
hansbrough,davis,1982-05-25,hansbrough davis
rudez,mills,1992-11-16,rudez mills
fischer,beech,1979-11-27,fischer beech
wesley,darling,1992-08-18,wesley darling
ponkrashov,cauley-stein,1994-05-30,ponkrashov cauley-stein
garino,cinciarini,1989-04-08,garino cinciarini
kidd,avramovic,1992-10-03,kidd avramovic
evangelos,bledsoe,1989-02-14,evangelos bledsoe
steve,macoha,1996-01-13,steve macoha
stromile,jokubaitis,2000-10-10,stromile jokubaitis
ruan,langhi,1994-03-09,ruan langhi
markelle,horner,1999-01-11,markelle horner
moustapha,sloukas,1991-01-22,moustapha sloukas
kahudi,vincent,1985-01-05,kahudi vincent
andersen,oni,1980-10-15,andersen oni
dibartolomeo,hawkins,1993-10-04,dibartolomeo hawkins
weaver,peacock,2000-10-26,weaver peacock
watkins,brown,1989-08-26,watkins brown
rawle,apic,1987-06-17,rawle apic
bender,fletcher,1978-06-11,bender fletcher
upshaw,frankamp,1994-06-15,upshaw frankamp
parrado,erden,1995-03-14,parrado erden
jeremy,christon,1977-03-13,jeremy christon
boatright,vitali,1976-06-15,boatright vitali
edwin,holman,1987-08-29,edwin holman
lazic,okouo,1979-03-05,lazic okouo
albicy,emmett,1987-05-12,albicy emmett
english,uthoff,1995-11-14,english uthoff
marreese,garces,1991-07-29,marreese garces
mikki,tripp,1992-07-26,mikki tripp
simisola,huskic,1980-08-15,simisola huskic
bogdanovic,pietrus,2000-01-30,bogdanovic pietrus
duop,bramos,1999-05-19,duop bramos
gabe,bennett,1979-09-10,gabe bennett
brown,franklin,1996-05-20,brown franklin
francisco,lowry,1994-11-24,francisco lowry
dulkys,daval-braquet,2000-07-23,dulkys daval-braquet
zeisloft,kelly,1987-02-08,zeisloft kelly
draymond,ntilikina,1994-04-18,draymond ntilikina
van den eynde,sacchetti,1990-07-15,van den eynde sacchetti
jerian,ham,1989-07-06,jerian ham
falk,winston,1988-12-26,falk winston
perovic,kulboka,1991-02-17,perovic kulboka
skal,schneider,1981-05-04,skal schneider
shake,dimec,1992-09-14,shake dimec
cattapan,thompson,1984-09-03,cattapan thompson
buddy,stoudemire,1989-08-02,buddy stoudemire
radosevic,ojeleye,1979-07-18,radosevic ojeleye
bronson,hannahs,1978-11-27,bronson hannahs
toupane,cate,1984-07-28,toupane cate
cline,harrington,1979-07-03,cline harrington
mason jr.,nesbitt,1993-02-08,mason jr. nesbitt
dragic,nesmith,1994-08-25,dragic nesmith
bynum,radosevic,1992-01-25,bynum radosevic
tokoto,maxwell,1990-09-12,tokoto maxwell
beverley,nwora,1992-02-06,beverley nwora
michal,poole,1991-08-11,michal poole
jean-charles,lang,1979-07-20,jean-charles lang
kaiser,stockton,1993-03-19,kaiser stockton
pons,hield,1995-04-09,pons hield
conklin,coleman,1988-06-27,conklin coleman
zabian,sessions,1977-09-18,zabian sessions
lammers,conger,1993-12-24,lammers conger
tayshaun,hopkins,1973-11-29,tayshaun hopkins
koponen,ancellotti,1980-03-29,koponen ancellotti
gaffney,bozeman,1997-09-17,gaffney bozeman
fesenko,burleson,1985-09-13,fesenko burleson
planinic,haas,1970-12-24,planinic haas
muric,buford,1992-10-06,muric buford
abalde,tuncer,1991-06-21,abalde tuncer
sessions,mozgov,1989-01-30,sessions mozgov
pero,singletary,1984-04-09,pero singletary
queeley,callandret,1982-12-12,queeley callandret
mahinmi,amaize,2002-06-01,mahinmi amaize
calathes,braggs,2003-08-04,calathes braggs
lynn,mclaughlin,1988-05-17,lynn mclaughlin
sikma,dibartolomeo,1989-01-13,sikma dibartolomeo
kriss,scales,2002-11-11,kriss scales
bostic,radoncic,1981-10-04,bostic radoncic
matisse,lamb,1989-06-30,matisse lamb
scottie,ribas,1991-05-07,scottie ribas
zsombor,iannicelli,1987-12-18,zsombor iannicelli
horner,augmon,1996-04-10,horner augmon
abass,warren,1991-05-20,abass warren
nzosa,hunter,1997-05-09,nzosa hunter
buford,washburn,1993-05-29,buford washburn
holman,balbay,1997-03-23,holman balbay
ladontae,barnes,1994-06-26,ladontae barnes
walden,leuer,1991-05-30,walden leuer
junior,charalampopoulos,1995-08-24,junior charalampopoulos
jamison,lo,1983-04-29,jamison lo
akdamar,west,1994-09-17,akdamar west
hakim,teske,1975-07-15,hakim teske
chery,prather,1976-11-14,chery prather
rodions,mbah,2003-06-13,rodions mbah
toney,bonga,1988-05-25,toney bonga
bonzi,zhi-zhi,1997-07-15,bonzi zhi-zhi
hanno,mbenga,1997-06-23,hanno mbenga
diamond,tisma,1995-10-18,diamond tisma
tornike,aldridge,1987-05-13,tornike aldridge
hollis,hoiberg,1984-01-05,hollis hoiberg
dj,brogdon,1994-01-05,dj brogdon
donda,craig,1991-05-28,donda craig
martinez,rebic,1986-08-01,martinez rebic
j.j.,bogris,1991-07-01,j.j. bogris
daniele,tabuse,1991-10-07,daniele tabuse
dario,pleiss,1980-09-28,dario pleiss
demitrius,garcia,1986-05-15,demitrius garcia
rodney,jones,2003-10-16,rodney jones
burnell,zaytsev,1987-06-07,burnell zaytsev
pervis,nelson,1997-01-18,pervis nelson
keenan,mian,1995-09-06,keenan mian
jekiri,kouroupakis,1996-12-13,jekiri kouroupakis
roos,strautins,1991-03-11,roos strautins
moiso,lighty,1992-01-21,moiso lighty
lopez-arostegui,cavanaugh,1988-06-04,lopez-arostegui cavanaugh
needham,osby,1991-02-05,needham osby
imbro,gasol,1983-07-08,imbro gasol
maric,henton,1993-06-16,maric henton
elie,pullen,2000-04-15,elie pullen
calbert,hughes,1995-04-07,calbert hughes
dolinin,crispin,1986-07-29,dolinin crispin
vytenis,world,1988-04-20,vytenis world
masiulis,lukosiunas,1991-11-25,masiulis lukosiunas
beau,tambone,1992-11-12,beau tambone
deandre',rey,1986-08-06,deandre' rey
soumaila,stark,1986-06-26,soumaila stark
kalinov,drew,2000-07-24,kalinov drew
de nicolao,bremer,1992-07-17,de nicolao bremer
donell,lavine,1987-12-26,donell lavine
grigoriy,rooks,1994-12-08,grigoriy rooks
mullens,antipov,1994-01-14,mullens antipov
nihad,peja,1988-09-12,nihad peja
nick,alkins,1977-08-31,nick alkins
wagner,profit,1994-07-06,wagner profit
vinicius,lipkevicius,1990-05-03,vinicius lipkevicius
todd,bendzius,1991-03-17,todd bendzius
sy,bateer,1990-10-13,sy bateer
cavaliero,udoka,1995-10-02,cavaliero udoka
vladimir,goodrich,1988-11-09,vladimir goodrich
guerrero,gaddy,1984-08-03,guerrero gaddy
mamadou,causeur,1991-08-09,mamadou causeur
darius,rivers,1988-11-24,darius rivers
davon,basden,1995-12-24,davon basden
karolis,nachbar,1990-05-19,karolis nachbar
meyers,dominguez,1989-08-04,meyers dominguez
sykes,dinwiddie,1983-01-22,sykes dinwiddie
antonio,shakur,2000-11-26,antonio shakur
deri,mutombo,1987-05-26,deri mutombo
wenyen,harrell,1994-08-18,wenyen harrell
kingsley,mccray,1992-11-26,kingsley mccray
bryce,mcilvaine,1982-01-18,bryce mcilvaine
ager,koenig,1991-04-17,ager koenig
dimitriy,douby,1984-02-16,dimitriy douby
farley,atkins,1997-01-04,farley atkins
vit,christopher,1993-09-24,vit christopher
porzingis,waiters,1993-06-28,porzingis waiters
jemerrio,vildera,1992-08-27,jemerrio vildera
errick,orton,1990-10-20,errick orton
cassius,diouf,1990-07-22,cassius diouf
luc,bonacini,1986-12-13,luc bonacini
hawkins,chessa,1991-03-19,hawkins chessa
ousman,filipovity,1990-09-01,ousman filipovity
elfrid,sikiras,1988-11-08,elfrid sikiras
mirotic,vranes,1979-06-15,mirotic vranes
lazeric,sulaimon,1976-04-11,lazeric sulaimon
kira,pavlovic,1992-10-19,kira pavlovic
mcrae,mcrae,1991-04-18,mcrae mcrae
dillon,samake,1985-04-03,dillon samake
monty,sumner,1993-10-17,monty sumner
klay,vanterpool,1991-10-01,klay vanterpool
ingles,fells,1993-04-07,ingles fells
k.c.,cobbs,1982-04-09,k.c. cobbs
smush,pinkney,1989-10-27,smush pinkney
jamil,nnoko,2001-01-16,jamil nnoko
gortat,henderson,1987-10-14,gortat henderson
zion,pascolo,1995-11-03,zion pascolo
jeff,wells,1997-12-13,jeff wells
kirilenko,moreira,1995-02-08,kirilenko moreira
vitaly,capela,1984-11-25,vitaly capela
semaj,burrell,1971-10-27,semaj burrell
lessort,benimon,1991-07-01,lessort benimon
orlando,norvell,1980-09-09,orlando norvell
dragan,baez,1997-06-20,dragan baez
ouattara,luz,1984-07-23,ouattara luz
kyzlink,smart,1991-08-21,kyzlink smart
colson,guerrero,1994-01-12,colson guerrero
blazic,canaan,1988-05-09,blazic canaan
kelly,hudson,1995-01-27,kelly hudson
yanick,larentzakis,1987-07-07,yanick larentzakis
mancinelli,hilario,1992-10-20,mancinelli hilario
voigtmann,kljajic,1994-04-12,voigtmann kljajic
datome,cissoko,1989-01-26,datome cissoko
boumtje-boumtje,shields,1982-08-28,boumtje-boumtje shields
delon,massenat,1995-01-06,delon massenat
george,young,1992-03-03,george young
fall,hamilton,1973-12-19,fall hamilton
henri,bullard,1993-03-08,henri bullard
atkins,olumuyiwa,2000-04-22,atkins olumuyiwa
timofey,green,2001-03-23,timofey green
klepeisz,prigioni,2001-05-11,klepeisz prigioni
akil,gelabale,2002-02-10,akil gelabale
kavell,okoro,1991-10-23,kavell okoro
roll,krstic,1996-06-07,roll krstic
brady,sanders,1985-09-17,brady sanders
joan,macon,1988-02-01,joan macon
ender,gant,2001-03-11,ender gant
richie,mussini,2003-01-14,richie mussini
alexander,chriss,2001-05-29,alexander chriss
landry,gay,1985-05-23,landry gay
dori,mcgary,1994-08-06,dori mcgary
alec,covington,1994-03-13,alec covington
rochestie,middleton,1976-01-27,rochestie middleton
facundo,sipahi,2000-01-30,facundo sipahi
angola,chiozza,1982-09-11,angola chiozza
pokusevski,hakanson,1982-03-17,pokusevski hakanson
trushkin,forray,1994-03-09,trushkin forray
giordano,daum,1985-04-12,giordano daum
richard,cohen,1991-07-02,richard cohen
sisko,jefferson,1978-08-08,sisko jefferson
e'twaun,ken,1982-03-24,e'twaun ken
sanchez,mcroberts,1993-05-04,sanchez mcroberts
johnathan,zeller,1997-04-03,johnathan zeller
njegos,fridzon,1993-04-08,njegos fridzon
charlon,blums,1992-09-27,charlon blums
batista,shoutvin,1998-01-22,batista shoutvin
zylan,blazevic,1994-02-04,zylan blazevic
jamario,chealey,1995-04-29,jamario chealey
aric,douglas,2002-01-03,aric douglas
raduljica,mika,1989-02-13,raduljica mika
janning,westbrook,2001-08-21,janning westbrook
olek,mcconnell,1983-03-09,olek mcconnell
jhonatan,knox,1978-11-02,jhonatan knox
markovic,iroegbu,1990-01-20,markovic iroegbu
dionte,emegano,1992-03-08,dionte emegano
tommaso,czerapowicz,1995-10-10,tommaso czerapowicz
obi,amundson,2000-03-29,obi amundson
cordinier,cabarkapa,2003-02-15,cordinier cabarkapa
rod,haslem,1999-01-09,rod haslem
nat sidi,mcgrady,1999-09-06,nat sidi mcgrady
booker,kruslin,1991-07-09,booker kruslin
daye,radicevic,1985-10-24,daye radicevic
brody,miller,1983-11-09,brody miller
bo,maloney,1996-03-05,bo maloney
montague,mullin,1998-05-15,montague mullin
gerard,albicy,1984-05-23,gerard albicy
giricek,grantham,1986-12-28,giricek grantham
walton jr.,antic,1986-04-09,walton jr. antic
frankamp,craft,2001-01-01,frankamp craft
ehigiator,cordinier,1984-09-07,ehigiator cordinier
iannicelli,roberson,1993-11-27,iannicelli roberson
harper,jovic,1986-03-31,harper jovic
branko,richardson,1989-05-25,branko richardson
colom,bargnani,2000-03-12,colom bargnani
virginio,grundy,1974-09-25,virginio grundy
andriuskevicius,braun,1975-11-11,andriuskevicius braun
fontecchio,muric,1991-10-23,fontecchio muric
vlatko,augustine,1992-07-06,vlatko augustine
clavell,moreland,1991-12-22,clavell moreland
dusty,whiteside,1988-03-13,dusty whiteside
pelle,silva,1986-05-19,pelle silva
kawhi,udanoh,1981-02-21,kawhi udanoh
vranes,ebanks,2002-05-25,vranes ebanks
landon,nocioni,1993-02-28,landon nocioni
zanna,bairstow,1987-04-24,zanna bairstow
ponitka,thorpe,1991-11-15,ponitka thorpe
joffrey,simon,1984-07-29,joffrey simon
kramer,boozer,1997-05-17,kramer boozer
eidan,bess,1991-10-29,eidan bess
channing,guido,1973-02-06,channing guido
brancou,valentine,1979-03-04,brancou valentine
jake,oliver,1981-06-26,jake oliver
turen,oden,1994-12-06,turen oden
burjanadze,bone,1999-11-04,burjanadze bone
killian,bohannon,1991-04-02,killian bohannon
dajuan,sedekerskis,1975-07-15,dajuan sedekerskis
henton,walkup,1979-04-16,henton walkup
ekezie,porter,1986-12-21,ekezie porter
eugene,samanic,1993-01-20,eugene samanic
tyler,sabonis,1993-09-18,tyler sabonis
fotu,cleveland,1999-08-30,fotu cleveland
jaren,lessort,1993-03-11,jaren lessort
stephaun,lofton,1982-07-17,stephaun lofton
alexey,booker,1995-08-27,alexey booker
ahearn,barnies,1988-10-20,ahearn barnies
gallo,gravaghi,1991-12-19,gallo gravaghi
tyrus,papagiannis,1994-08-24,tyrus papagiannis
myles,papanikolaou,1997-10-09,myles papanikolaou
macijauskas,bleijenbergh,1986-08-21,macijauskas bleijenbergh
tom,cacok,1988-07-20,tom cacok
archibald,eschmeyer,1994-01-02,archibald eschmeyer
darrun,pinault,1991-02-14,darrun pinault
kaniel,camby,1987-11-09,kaniel camby
barea,alexander,1999-02-23,barea alexander
reggie,embiid,1983-04-02,reggie embiid
davies,diogu,1984-04-12,davies diogu
harry,archibald,2001-05-04,harry archibald
cleaves,rucker,1989-07-17,cleaves rucker
bojan,tate,1989-02-10,bojan tate
rick,tonut,2003-06-13,rick tonut
profit,djedovic,1992-03-05,profit djedovic
luca,gentile,1995-11-06,luca gentile
torrey,hilliard,1993-12-07,torrey hilliard
detlef,hutchison,1994-09-07,detlef hutchison
papagiannis,kramer,1987-01-07,papagiannis kramer
zizic,larrier,1981-10-09,zizic larrier
jarrid,mcadoo,1988-06-01,jarrid mcadoo
conger,fernandez,1996-12-19,conger fernandez
deryk,sow,1985-08-23,deryk sow
kadji,lawal,1985-05-06,kadji lawal
holmes,mcdyess,1988-05-24,holmes mcdyess
dino,singleton,1981-08-23,dino singleton
oyedeji,dawkins,1986-10-31,oyedeji dawkins
gravaghi,griffin,1977-06-02,gravaghi griffin
bost,daniels,1993-05-07,bost daniels
murphy,kaminsky,2000-06-11,murphy kaminsky
nik,penney,1990-09-01,nik penney
dudzinski,samb,1985-03-22,dudzinski samb
ricci,zeisloft,1996-02-04,ricci zeisloft
belinelli,ariza,2002-01-05,belinelli ariza
jacque,eatherton,1988-07-24,jacque eatherton
ndoye,roby,1986-12-28,ndoye roby
baldi,harper,1999-02-17,baldi harper
emanual,walker,1996-07-15,emanual walker
robbie,vildoza,1987-04-25,robbie vildoza
yildizli,sullinger,1981-09-16,yildizli sullinger
johan,guduric,1982-07-20,johan guduric
codi,ayon,1991-08-27,codi ayon
acy,slaughter,1978-07-26,acy slaughter
bobrov,kurz,1996-03-06,bobrov kurz
jerry,diez,1994-10-10,jerry diez
kwame,martyuk,1981-02-26,kwame martyuk
bako,gomes,1997-05-23,bako gomes
melli,cousins,1989-01-04,melli cousins
eldridge,robinson,1990-01-18,eldridge robinson
uskokovic,majerle,1998-03-20,uskokovic majerle
warrick,polonara,1995-12-23,warrick polonara
pangos,vaughn,1987-08-15,pangos vaughn
garces,maynor,1985-02-09,garces maynor
sean,koponen,1981-05-03,sean koponen
czerapowicz,coker,1981-12-23,czerapowicz coker
agbelese,butterfield,1983-04-05,agbelese butterfield
tonye,schofield,1986-04-28,tonye schofield
balsa,fields,2000-02-16,balsa fields
youssoufa,vucevic,1981-02-08,youssoufa vucevic
elegar,mckinnie,1988-06-05,elegar mckinnie
diop,greg,1995-06-29,diop greg
vives,wolters,1981-05-18,vives wolters
rafer,haddadi,1994-01-29,rafer haddadi
vladislav,duval,1977-07-16,vladislav duval
millan,djurisic,1994-07-22,millan djurisic
naz,postell,1995-06-24,naz postell
mikel,parsons,1989-01-08,mikel parsons
lavoy,lazic,1987-01-06,lavoy lazic
marquese,gecim,1994-09-15,marquese gecim
martell,abass,1981-09-16,martell abass
caloiaro,imbro,1985-11-04,caloiaro imbro
owens,rogers,1989-06-25,owens rogers
shirley,oroz,1992-01-17,shirley oroz
benson,dozier,1984-10-23,benson dozier
bouquet,konchar,1990-12-03,bouquet konchar
casspi,cole,1982-02-07,casspi cole
brandone,mccallum,1990-07-26,brandone mccallum
og,diagne,1981-02-08,og diagne
musa,fisher,1986-05-07,musa fisher
marcquise,ofoegbu,1988-08-11,marcquise ofoegbu
zimmerman,williams,2003-06-09,zimmerman williams
pressey,lafrentz,2004-05-11,pressey lafrentz
echenique,oubre,1989-11-03,echenique oubre
zoosman,lockett,1985-11-25,zoosman lockett
heurtel,yi,1977-11-12,heurtel yi
dajuan,posey,1973-11-09,dajuan posey
art,vranjes,1980-02-19,art vranjes
will,early,1998-01-23,will early
georges,gobert,2001-04-28,georges gobert
nnoko,quarterman,2004-03-28,nnoko quarterman
anton,bornn,1996-02-09,anton bornn
hopkins,southerland,2000-06-02,hopkins southerland
rojas,shurna,1997-03-01,rojas shurna
valanciunas,scalabrine,1993-05-27,valanciunas scalabrine
antic,wilbekin,1988-10-08,antic wilbekin
frankie,mazzola,2002-02-06,frankie mazzola
elizabeth,jimenez,1985-01-11,elizabeth jimenez
granger,wembanyama,1993-09-13,granger wembanyama
trice ii,stepheson,1997-06-12,trice ii stepheson
wolters,edwards,1994-09-14,wolters edwards
giffey,agravanis,1996-05-15,giffey agravanis
felton,cattapan,1987-07-08,felton cattapan
blake,blakeney,1983-06-18,blake blakeney
semi,mujakovic,1992-12-15,semi mujakovic
lanmuller,alocen,1989-10-03,lanmuller alocen
deniz,delaney,1994-04-01,deniz delaney
axel,booth,1989-07-13,axel booth
micheal,solomon,2001-08-31,micheal solomon
balcerowski,lountzis,1987-09-24,balcerowski lountzis
dejuan,cheese,1985-02-18,dejuan cheese
luis,angola,2000-09-20,luis angola
bartolome,koshwal,1992-07-15,bartolome koshwal
jameson,fortson,1992-12-04,jameson fortson
montero,rubenstein,1991-05-29,montero rubenstein
burrell,fredette,1992-08-31,burrell fredette
pavel,hill,1978-09-22,pavel hill
nikolic,sikma,1994-09-27,nikolic sikma
oguz,kidd,1994-06-14,oguz kidd
a.j.,austin,1977-06-16,a.j. austin
isaia,walden,1986-11-01,isaia walden
salin,mccall,1986-08-22,salin mccall
scott,vitor,1978-09-14,scott vitor
pau,summers,1981-09-01,pau summers
ahmad,rice,1992-06-10,ahmad rice
davide,best,1971-09-06,davide best
luguentz,roberts,1982-07-15,luguentz roberts
erik,masiulis,1991-09-24,erik masiulis
diallo,padgett,1994-07-23,diallo padgett
montrezl,udoh,1988-10-06,montrezl udoh
thon,knight,1990-06-14,thon knight
stephane,dort,1984-01-09,stephane dort
kahlil,melo,1989-01-22,kahlil melo
d'angelo,nash,1989-09-24,d'angelo nash
wilcox,ayton,2002-01-30,wilcox ayton
claver,pondexter,2003-04-01,claver pondexter
earl,mcgee,1994-03-03,earl mcgee
arron,armstrong,1993-06-30,arron armstrong
krause,hammons,1987-05-21,krause hammons
bam,slay,1982-10-23,bam slay
koumadje,wiseman,1991-03-01,koumadje wiseman
sajus,theodore,1991-01-14,sajus theodore
ante,jaramaz,1985-12-30,ante jaramaz
charalampopoulos,may,1993-08-26,charalampopoulos may
stone,deng,1979-10-15,stone deng
amal,terry,1990-04-21,amal terry
black,novak,1994-05-31,black novak
chinanu,velickovic,1979-04-17,chinanu velickovic
jameel,weatherspoon,1993-05-28,jameel weatherspoon
daval-braquet,huffman,1995-04-06,daval-braquet huffman
o'neale,dimsa,1992-11-05,o'neale dimsa
arteaga,grant,1995-09-21,arteaga grant
ian,beane,2002-11-15,ian beane
glyniadakis,harvey,1988-03-20,glyniadakis harvey
ibaka,windler,1988-11-11,ibaka windler
liam,krejci,1977-12-27,liam krejci
stephon,carter-williams,1988-02-04,stephon carter-williams
scales,okobo,1997-06-21,scales okobo
stoll,gutierrez,1987-03-02,stoll gutierrez
usman,guerra,1980-11-25,usman guerra
jay,udrih,1996-04-07,jay udrih
tang,elliott,1991-08-16,tang elliott
eleftherios,zoosman,1991-12-16,eleftherios zoosman
ashton,holiday,1984-06-08,ashton holiday
denis,satoransky,1993-10-19,denis satoransky
trevelin,nichols,1995-07-28,trevelin nichols
fitipaldo,galli,1990-09-23,fitipaldo galli
maxime,granger,1993-12-31,maxime granger
daryl,adel,1990-04-20,daryl adel
brodric,powell,1989-05-15,brodric powell
niang,grazulis,1987-10-16,niang grazulis
lucic,baxter,1985-06-06,lucic baxter
jae'sean,pelos,1987-12-02,jae'sean pelos
wes,wilkins,1978-05-16,wes wilkins
marcin,watt,1996-05-10,marcin watt
yonatan,broekhoff,1987-11-17,yonatan broekhoff
brevin,sokolowski,1989-09-20,brevin sokolowski
damion,mottola,1994-11-28,damion mottola
dexter,welsch,1980-07-01,dexter welsch
perrantes,moretti,1994-11-03,perrantes moretti
brodziansky,hancock,1993-08-31,brodziansky hancock
guyton,clavell,1989-05-28,guyton clavell
petteri,barrett,1980-11-07,petteri barrett
dominic,rose,1989-08-14,dominic rose
markus,fitts,1991-04-23,markus fitts
torraye,blake,1998-05-20,torraye blake
krimmer,olynyk,1980-08-27,krimmer olynyk
jimmer,delgado,1991-09-21,jimmer delgado
savas,dellavedova,1981-07-25,savas dellavedova
sead,abdur-rahim,1997-02-14,sead abdur-rahim
sola,mirotic,2001-08-25,sola mirotic
cezary,mckey,1994-11-10,cezary mckey
lorenzo,odinokov,1984-01-13,lorenzo odinokov
jeffers,rakocevic,1992-01-29,jeffers rakocevic
kalinic,markkanen,2002-03-01,kalinic markkanen
may,houston,1993-01-17,may houston
ntilikina,higgins,1993-03-08,ntilikina higgins
shakur,micic,1992-01-14,shakur micic
ebi,alford,1994-08-05,ebi alford
hernangomez,filloy,1995-11-01,hernangomez filloy
tonut,bane,1994-05-17,tonut bane
rion,jennings,1996-06-11,rion jennings
borisa,ha,1990-07-15,borisa ha
vasilije,anthony,1989-04-09,vasilije anthony
melih,gill,1995-03-01,melih gill
rebic,gillespie,1989-07-07,rebic gillespie
blue,richmond,1993-06-02,blue richmond
saben,lewis,1986-10-14,saben lewis
dyson,rogiers,1993-06-16,dyson rogiers
hansen,haliburton,1984-01-15,hansen haliburton
ivica,lydon,1997-10-24,ivica lydon
wiltjer,whitney,1987-11-12,wiltjer whitney
heath,arnaldo,1983-10-29,heath arnaldo
corliss,hadzic,1992-08-06,corliss hadzic
darral,kalinoski,1979-07-12,darral kalinoski
rodijs,kurbanov,1988-10-31,rodijs kurbanov
brandon,mitchell,1991-10-09,brandon mitchell
kouroupakis,jagodic-kuridza,1984-10-06,kouroupakis jagodic-kuridza
asceric,bowen,1997-08-08,asceric bowen
patricio,adam,1992-12-16,patricio adam
lawrence,vasturia,1991-11-08,lawrence vasturia
poythress,wigginton,1996-06-05,poythress wigginton
jordan,sehovic,1990-05-31,jordan sehovic
vincent,davidson,1993-06-28,vincent davidson
blalock,sharapov,1989-07-05,blalock sharapov
labeyrie,jeffers,1988-01-20,labeyrie jeffers
harrison,podkolzin,1990-01-27,harrison podkolzin
mitoglou,ibaka,1993-11-29,mitoglou ibaka
justise,atias,1983-05-23,justise atias
dimsa,sajus,1991-11-12,dimsa sajus
walter,crotty,1989-02-13,walter crotty
baxter,balvin,1979-06-19,baxter balvin
dakota,reddish,1989-03-24,dakota reddish
nunnally,grigonis,1980-12-13,nunnally grigonis
erkan,brizuela,1986-05-07,erkan brizuela
asik,onuaku,1981-09-16,asik onuaku
odinokov,rudez,1994-09-09,odinokov rudez
boykins,pollard,1992-04-12,boykins pollard
gibson,urtasun,2002-05-18,gibson urtasun
jamie,burns,1989-10-13,jamie burns
mahmoud,upshaw,1984-04-26,mahmoud upshaw
fazekas,westermann,1994-01-18,fazekas westermann
zhou,gandini,1987-04-26,zhou gandini
gordan,blaylock,2001-02-11,gordan blaylock
keandre,ilyasova,1993-12-28,keandre ilyasova
kentavious,clemons,1998-12-15,kentavious clemons
delia,parrillo,1987-11-18,delia parrillo
freije,trent,1995-04-26,freije trent
kesteloot,cain,1994-01-13,kesteloot cain
pat,laettner,1975-05-20,pat laettner
ben,yanyuhang,1986-04-18,ben yanyuhang
gobert,vonleh,1986-02-17,gobert vonleh
nnanna,patton,1985-10-14,nnanna patton
barford,jones,1994-09-12,barford jones
alberto,williams-goss,1989-09-15,alberto williams-goss
rodrigo,wyatt,1976-07-07,rodrigo wyatt
jefferson,christie,1981-10-27,jefferson christie
dan,browne,1974-12-14,dan browne
biordi,baron,1991-07-28,biordi baron
vranjes,colson,1981-04-03,vranjes colson
jonathon,bullock,1987-06-18,jonathon bullock
sergio,maclean,1993-03-13,sergio maclean
norense,galloway,1987-11-25,norense galloway
salim,vukcevic,1987-03-24,salim vukcevic
r.j.,buycks,1990-07-14,r.j. buycks
geno,jackson,1976-12-26,geno jackson
jiri,van,1993-12-27,jiri van
khvostov,dolinin,1993-06-25,khvostov dolinin
eyenga,lopez,1984-05-01,eyenga lopez
reynolds,smith-rivera,1988-06-19,reynolds smith-rivera
lauderdale,labeyrie,1995-08-01,lauderdale labeyrie
seth,badio,1978-09-26,seth badio
andrew,varejao,1976-01-21,andrew varejao
zagars,vroman,1986-09-07,zagars vroman
liraz,sexton,1993-11-06,liraz sexton
federico,zhbanov,1991-02-04,federico zhbanov
glen,fitipaldo,1985-07-20,glen fitipaldo
zugic,prepelic,1994-06-07,zugic prepelic
jakub,head,1990-09-13,jakub head
wright,chubrevich,1989-02-03,wright chubrevich
julen,harpring,1974-10-31,julen harpring
nikic,reeves,1994-07-17,nikic reeves
nikola,stephenson,1991-02-07,nikola stephenson
douglas,sanchez,1986-08-21,douglas sanchez
gazi,noel,1989-08-15,gazi noel
james,bey,1987-03-16,james bey
radicevic,koniaris,1991-10-31,radicevic koniaris
kenan,ticic,1993-08-11,kenan ticic
nando,jou,1983-10-23,nando jou
kalinoski,simonovic,2002-10-20,kalinoski simonovic
lafayette,lucic,1993-12-25,lafayette lucic
courtney,freije,1983-03-16,courtney freije
precious,kane,1989-02-12,precious kane
jermaine,withey,1983-03-18,jermaine withey
shengelia,stewart,1985-08-06,shengelia stewart
tomer,chillo,1989-09-05,tomer chillo
tyrese,duverioglu,1980-06-17,tyrese duverioglu
giannini,ndiaye,1996-10-07,giannini ndiaye
joakim,leaf,1989-03-05,joakim leaf
marshall,bol,1996-06-21,marshall bol
juaquin,bowman,1978-03-16,juaquin bowman
jacobsen,gamble,1980-05-26,jacobsen gamble
spanoulis,belinelli,1992-12-01,spanoulis belinelli
bellas,sahar,1989-11-14,bellas sahar
trae,sosa,1989-04-23,trae sosa
hugo,jeremic,1984-08-15,hugo jeremic
monia,dunleavy,1987-07-30,monia dunleavy
felipe,nikolic,1994-05-07,felipe nikolic
baynes,peterson,2000-11-05,baynes peterson
hackett,boucher,1993-08-31,hackett boucher
wilson,lemon,1978-10-09,wilson lemon
tskitishvili,ekezie,1983-12-25,tskitishvili ekezie
serpilli,scuka,1989-04-16,serpilli scuka
batum,fontaine,1993-03-26,batum fontaine
gerun,mulder,1990-05-19,gerun mulder
octavius,smailagic,1983-06-10,octavius smailagic
lasme,miller-mcintyre,1979-01-27,lasme miller-mcintyre
wendell,brand,1990-07-12,wendell brand
othella,reynolds,1993-01-05,othella reynolds
talib,barreiro,1993-04-08,talib barreiro
blackmon jr.,barkley,1979-03-07,blackmon jr. barkley
haywood,porter,1989-09-15,haywood porter
halilovic,mcdaniels,1990-07-29,halilovic mcdaniels
lindell,barry,1991-10-15,lindell barry
cheese,maten,1992-04-18,cheese maten
stoilov,radojevic,1986-09-12,stoilov radojevic
dimec,heath,1988-11-21,dimec heath
carter,crawford,1997-06-02,carter crawford
vesely,house,1994-01-28,vesely house
hersey,serpilli,1990-10-17,hersey serpilli
mantzaris,gadzuric,1992-10-23,mantzaris gadzuric
morris,dentmon,1996-10-29,morris dentmon
strautins,matthews,1988-05-19,strautins matthews
c.j.,watkins,2001-01-12,c.j. watkins
upson,n'diaye,1986-07-20,upson n'diaye
jakob,moore,1983-02-05,jakob moore
leday,llull,1999-02-03,leday llull
emeka,mccants,1991-10-05,emeka mccants
sharrod,lampley,1992-11-23,sharrod lampley
vassilis,rigaudeau,1999-01-17,vassilis rigaudeau
francis,gordon,1986-08-29,francis gordon
dawson,falk,1992-05-31,dawson falk
michineau,martin,1981-01-30,michineau martin
blums,sefolosha,1993-12-04,blums sefolosha
stefhon,ochefu,1983-02-25,stefhon ochefu
minnerath,calathes,1990-07-20,minnerath calathes
vander,tucker,1980-03-14,vander tucker
fredette,thybulle,1992-06-07,fredette thybulle
ekpe,toupane,1985-06-06,ekpe toupane
cartier,kennard,1992-08-21,cartier kennard
diego,o'brien,1985-03-13,diego o'brien
babb,wear,1991-05-09,babb wear
ozmizrak,traylor,1989-12-08,ozmizrak traylor
lapo giacomo,nicholson,1998-08-11,lapo giacomo nicholson
hines,greer,1995-02-26,hines greer
palmi,vujosevic,1999-01-24,palmi vujosevic
lampe,borg,1982-07-29,lampe borg
klemen,vanvleet,1989-07-27,klemen vanvleet
samuel,re,1992-04-18,samuel re
massimo,san,1990-10-02,massimo san
ronald,kapono,1990-02-06,ronald kapono
pickard,shaw,1993-12-11,pickard shaw
liggins,musa,1995-01-05,liggins musa
marinkovic,ingles,1984-02-17,marinkovic ingles
hopson,kaba,1981-02-21,hopson kaba
giannoulis,cournooh,1991-09-29,giannoulis cournooh
rasho,bobrov,1992-02-12,rasho bobrov
tracy,snow,1984-12-20,tracy snow
raieste,cunningham,1991-09-10,raieste cunningham
a.c.,voronov,1993-11-30,a.c. voronov
walkup,foster,2001-08-08,walkup foster
joseph,famous,1990-03-03,joseph famous
johnson,huertas,1989-08-08,johnson huertas
kurbanov,bost,2003-03-28,kurbanov bost
dakari,bassas,1994-12-26,dakari bassas
julius,procida,1986-01-30,julius procida
emegano,oncel,2003-03-20,emegano oncel
barrera,krimmer,1991-11-17,barrera krimmer
kennedy,gallinari,1997-04-14,kennedy gallinari
loy,mokoka,1997-08-31,loy mokoka
ty-shon,fultz,1988-05-13,ty-shon fultz
deyonta,carlson,1997-09-04,deyonta carlson
wayns,jordan,1987-05-30,wayns jordan
duane,gintvainis,1989-01-06,duane gintvainis
nassir,osetkowski,1996-07-24,nassir osetkowski
ndour,wilson,2002-09-23,ndour wilson
tadas,major,2002-12-05,tadas major
adreian,vialtsev,1997-01-03,adreian vialtsev
miralem,sesay,2000-04-20,miralem sesay
leo,duncan,1990-07-23,leo duncan
calvin,roberts,1987-10-09,calvin roberts
thompkins,asceric,2000-06-13,thompkins asceric
langford,batuk,2000-09-02,langford batuk
aron,roos,1983-07-30,aron roos
mike,dekker,1988-03-09,mike dekker
awvee,diallo,1989-03-22,awvee diallo
mfiondu,humphries,1998-01-27,mfiondu humphries
colin,dampier,1986-09-24,colin dampier
amida,cavaliero,1989-09-01,amida cavaliero
polonara,mantzaris,1999-12-15,polonara mantzaris
jawun,pons,1998-02-11,jawun pons
jahlil,snyder,1985-03-09,jahlil snyder
gaines,gunther,1974-02-04,gaines gunther
mcnair,hunt,1989-09-14,mcnair hunt
gene,freeman,1990-06-01,gene freeman
ethan,akele,1993-06-14,ethan akele
dedric,ferrero,1992-01-18,dedric ferrero
dee,trunic,1990-07-28,dee trunic
gudaitis,monia,2001-12-22,gudaitis monia
butterfield,dawson,1984-06-13,butterfield dawson
brandin,zimmerman,1991-11-22,brandin zimmerman
basden,collison,1995-11-24,basden collison
elias,goudelock,1985-02-24,elias goudelock
ribas,rougeau,1997-08-02,ribas rougeau
dellosto,gaspardo,1985-11-27,dellosto gaspardo
etdrick,russell,1976-05-24,etdrick russell
wolkowyski,carlisle,1983-10-13,wolkowyski carlisle
dell,murphy,1977-12-11,dell murphy
julian,pusica,2001-02-10,julian pusica
samb,stuckey,2002-01-27,samb stuckey
mardy,gafford,1990-01-22,mardy gafford
max,nesterovic,1995-07-11,max nesterovic
craig,dileo,1993-09-30,craig dileo
oleksiy,dime,1992-09-27,oleksiy dime
emmett,kaman,1982-11-30,emmett kaman
kammron,ristic,1997-07-24,kammron ristic
michele,caracter,1988-08-23,michele caracter
rubit,baldasso,1991-09-18,rubit baldasso
ahmet,ridnour,1985-02-28,ahmet ridnour
maynor,sweetney,1988-11-04,maynor sweetney
baston,seeley,1987-11-20,baston seeley
clint,gortat,1996-07-21,clint gortat
patric,nzosa,1988-11-26,patric nzosa
bowdler,perez,1994-04-24,bowdler perez
mattisseck,vene,1992-07-28,mattisseck vene
damjan,martin,1994-08-03,damjan martin
koenig,crescenzi,1986-05-05,koenig crescenzi
ernest,barford,1994-02-13,ernest barford
dwayne,augustin,1990-03-20,dwayne augustin
rakocevic,calvin,1995-11-17,rakocevic calvin
giedraitis,virginio,1989-04-24,giedraitis virginio
abromaitis,mullens,1985-08-25,abromaitis mullens
avery,shermadini,1977-07-30,avery shermadini
jawai,doornekamp,1988-05-02,jawai doornekamp
niccolo,fortas,1988-05-31,niccolo fortas
sloukas,hommes,1989-07-03,sloukas hommes
henry,waczynski,1991-04-04,henry waczynski
dangubic,lopez-arostegui,1987-10-19,dangubic lopez-arostegui
huskic,khryapa,1991-01-03,huskic khryapa
law,slokar,1982-12-07,law slokar
eyango dingo,benitez,1992-11-15,eyango dingo benitez
justiz ferrer,dyson,1996-05-28,justiz ferrer dyson
vyacheslav,penigar,1998-10-07,vyacheslav penigar
yankuba,strazel,1991-05-09,yankuba strazel
marei,mccloud,1980-05-28,marei mccloud
burns,gray,2002-04-30,burns gray
andrey,martinez,1998-08-28,andrey martinez
lauvergne,van,1993-08-17,lauvergne van
mensah-bonsu,balcerowski,1989-06-28,mensah-bonsu balcerowski
mac,sanli,1989-06-08,mac sanli
ismet,coles,1997-07-26,ismet coles
kendrick,holland,1989-04-21,kendrick holland
maksim,ketner,1994-12-12,maksim ketner
sandy,pradilla,1992-03-21,sandy pradilla
randolph,huerter,1994-12-11,randolph huerter
saric,melli,1990-06-02,saric melli
bertans,motiejunas,1980-01-17,bertans motiejunas
malik,delk,1990-05-20,malik delk
weiler-babb,osman,2002-12-01,weiler-babb osman
zhaire,carney,1993-05-20,zhaire carney
marcos,gagic,2002-06-23,marcos gagic
dekker,pauli,1989-10-25,dekker pauli
lamar,caffey,1986-12-22,lamar caffey
zipser,mcclellan,1990-06-28,zipser mcclellan
tahjere,elson,1993-03-11,tahjere elson
morse,acie,2001-05-01,morse acie
sutton,normantas,1996-03-12,sutton normantas
joesaar,mann,1983-04-04,joesaar mann
gamble,casspi,2003-07-08,gamble casspi
pargo,buva,1990-05-16,pargo buva
garth,holt,1992-08-05,garth holt
alves benite,costello,1992-06-01,alves benite costello
obinna,strong,1994-04-04,obinna strong
kurt,gilder,1993-11-29,kurt gilder
isaiah,mattisseck,1997-01-02,isaiah mattisseck
daniels,brimah,1988-09-13,daniels brimah
badji,dotson,1986-01-22,badji dotson
townes,ouattara,1988-05-27,townes ouattara
laphonso,slater,2002-09-16,laphonso slater
kadeem,levert,1982-01-17,kadeem levert
payton,baker,1984-12-19,payton baker
marvin,burnell,1995-12-30,marvin burnell
kevon,wilcox,1989-07-23,kevon wilcox
wojciechowski,lewis,1982-03-22,wojciechowski lewis
marquis,spires,2001-12-23,marquis spires
sharapov,snell,1999-04-18,sharapov snell
kapono,boykins,2000-07-21,kapono boykins
prigioni,mcfadden,1998-04-14,prigioni mcfadden
larkin,frahm,1995-05-20,larkin frahm
santiago,chandler,1980-09-12,santiago chandler
ludde,strickland,1992-02-02,ludde strickland
pedja,fall,1994-07-12,pedja fall
biancotto,raieste,1995-07-28,biancotto raieste
filipovity,tavares,1992-09-16,filipovity tavares
avdija,dedmon,2000-01-17,avdija dedmon
roko,blackmon,1997-02-12,roko blackmon
jarrett,ratliff,1987-06-23,jarrett ratliff
sundov,faried,1984-03-03,sundov faried
orien,porfilio,1988-01-19,orien porfilio
alize,redick,1993-02-17,alize redick
parakhouski,brooks,1985-06-18,parakhouski brooks
patterson,washington,1991-07-23,patterson washington
oriola,okeke,1973-11-13,oriola okeke
green,christodoulou,1977-03-03,green christodoulou
bellato,telfair,1987-12-20,bellato telfair
borg,harangody,1978-01-10,borg harangody
monte,lauderdale,1984-04-28,monte lauderdale
sant-roos,reaves,1993-12-16,sant-roos reaves
ajinca,fischer,1987-05-19,ajinca fischer
foote,voskuhl,1982-03-28,foote voskuhl
tavares,longley,1990-08-03,tavares longley
greg,mclemore,1979-12-22,greg mclemore
donnell,jacobson,1987-06-12,donnell jacobson
fizer,diop,1978-08-04,fizer diop
quentin,shamet,1991-04-04,quentin shamet
peacock,singler,1993-02-19,peacock singler
flores,warney,1986-05-23,flores warney
lonzo,ruzzier,1988-02-07,lonzo ruzzier
jerrett,maye,1995-03-25,jerrett maye
dupree,randolph,1991-01-01,dupree randolph
ibrahim,goodwin,1983-08-22,ibrahim goodwin
hakeem,moon,1998-04-03,hakeem moon
norris,rondo,1992-03-22,norris rondo
eric,giedraitis,1994-07-17,eric giedraitis
savovic,stevens,1994-01-04,savovic stevens
ali,bass,1994-06-30,ali bass
chalmers,jeffries,1985-03-07,chalmers jeffries
curtis,sola,1995-01-31,curtis sola
jones,yabusele,1986-08-05,jones yabusele
haukur,iguodala,1983-04-11,haukur iguodala
pullen,ndjock,1994-07-04,pullen ndjock
efthimios,laprovittola,1994-05-17,efthimios laprovittola
griffin,moiso,1990-03-02,griffin moiso
lance,pavic,1991-10-25,lance pavic
jorge,carr,1993-01-30,jorge carr
gerald,zubac,1992-12-27,gerald zubac
rousselle,okafor,1987-07-24,rousselle okafor
silas,helmanis,1995-01-23,silas helmanis
duscak,lomazs,1996-02-09,duscak lomazs
scalabrine,ellis,1989-07-14,scalabrine ellis
andre,morant,1991-03-07,andre morant
bryant,enoch,1992-05-09,bryant enoch
magassa,dimitrijevic,1989-06-23,magassa dimitrijevic
hunter,nowell,1996-07-02,hunter nowell
ejim,lekavicius,1993-03-21,ejim lekavicius
marko,lawson,1992-07-16,marko lawson
korkmaz,hall,1988-07-28,korkmaz hall
trimble,villanueva,1978-05-29,trimble villanueva
romero,butler,1983-04-05,romero butler
bilan,english,1990-07-17,bilan english
andersson,jenkins,2003-08-05,andersson jenkins
rade,ozdemir,1980-05-06,rade ozdemir
yoeli,dudzinski,1995-06-07,yoeli dudzinski
olden,bogues,1989-02-08,olden bogues
bol,leunen,1991-01-30,bol leunen
diawara,dulkys,1991-09-17,diawara dulkys
gagic,jaric,1998-02-18,gagic jaric
ahmet safa,font,1994-08-28,ahmet safa font
yakuba,shirley,1995-05-24,yakuba shirley
pinkney,pustovyi,1991-09-17,pinkney pustovyi
reiner,cusin,1978-11-29,reiner cusin
wallace,parks,1994-04-25,wallace parks
kristofer,vives,1989-05-25,kristofer vives
white,meeks,1983-09-26,white meeks
roberson,turner,1990-08-16,roberson turner
rashard,gibson,1992-12-27,rashard gibson
dzanan,harrison,1998-02-06,dzanan harrison
yabusele,thomas,1976-10-11,yabusele thomas
burks,eddie,1990-09-30,burks eddie
tambone,flaccadori,1986-07-27,tambone flaccadori
mitchell,varnado,2002-04-08,mitchell varnado
amar,white,1989-01-31,amar white
rooks,bellato,1992-05-16,rooks bellato
jaron,collier,1991-01-01,jaron collier
kanter,gee,1991-12-29,kanter gee
hodzic,mccoy,1990-10-23,hodzic mccoy
coby,arenas,1990-01-23,coby arenas
dairis,barea,1979-07-09,dairis barea
berhanemeskel,alber,1971-06-13,berhanemeskel alber
donta,ferrell,1989-10-28,donta ferrell
tomeu,palmi,1999-04-26,tomeu palmi
jj,hollins,1991-07-19,jj hollins
noel,haywood,1996-02-10,noel haywood
allerik,santana,1990-11-21,allerik santana
daum,wright,1980-08-08,daum wright
theis,wagner,1997-06-07,theis wagner
jermareo,valiev,1980-06-15,jermareo valiev
olaizola,zanotti,1986-12-29,olaizola zanotti
amine,simmons,1975-07-24,amine simmons
kelley,waters,2001-08-15,kelley waters
jaroslaw,rupnik,1977-04-09,jaroslaw rupnik
stefano,magette,1992-06-09,stefano magette
stanislav,nesby,1998-02-05,stanislav nesby
dorell,lue,1991-07-27,dorell lue
joaquim,elizabeth,1984-12-14,joaquim elizabeth
guido,bouquet,1991-05-03,guido bouquet
andrea,zubkov,1990-12-02,andrea zubkov
kaleb,chappell,1985-12-04,kaleb chappell
charlie,pack,1976-02-16,charlie pack
candi,mahinmi,1976-06-16,candi mahinmi
darryl,durant,1992-07-07,darryl durant
antonius,walton,1997-02-27,antonius walton
predrag,nikic,2003-08-13,predrag nikic
perez,eyango,1994-01-21,perez eyango
v.j.,bosh,1996-04-29,v.j. bosh
mateusz,okogie,1984-08-18,mateusz okogie
pops,mcnair,1999-05-24,pops mcnair
miquel,watford,1993-05-11,miquel watford
crispin,ellison,1997-04-19,crispin ellison
llovet,akoon-purcell,1996-04-05,llovet akoon-purcell
primoz,bynum,1989-02-05,primoz bynum
smits,mcleod,1994-05-04,smits mcleod
delgado,gallo,1979-12-22,delgado gallo
pack,branch,1984-03-27,pack branch
cissoko,abromaitis,1992-08-15,cissoko abromaitis
mosley,giddens,1996-12-01,mosley giddens
egidijus,divac,1973-09-07,egidijus divac
diener,sun,1997-03-16,diener sun
khyri,briscoe,1994-11-16,khyri briscoe
daniel,kornet,1998-07-01,daniel kornet
yigitcan,cerella,1990-02-24,yigitcan cerella
tibor,goldwire,1994-07-12,tibor goldwire
sastre,milton,1984-04-08,sastre milton
barrett,stackhouse,2003-10-03,barrett stackhouse
diagne,ray,1975-02-03,diagne ray
flaccadori,david,1992-05-21,flaccadori david
brice,reiner,1993-05-09,brice reiner
meindl,casey,1996-07-06,meindl casey
welsch,fontecchio,1993-11-23,welsch fontecchio
benzing,mancinelli,1984-11-08,benzing mancinelli
kostas,hampton,2000-03-04,kostas hampton
bartoli,catanella,1979-11-10,bartoli catanella
freddie,franks,1988-08-09,freddie franks
goudelock,duhon,1997-02-25,goudelock duhon
kwan,poirier,1991-03-28,kwan poirier
slaughter,landry,1993-04-22,slaughter landry
kruslin,tanoulis,1998-02-04,kruslin tanoulis
solomon,caruso,1978-07-08,solomon caruso
nocioni,malone,1978-12-19,nocioni malone
egor,bogdanovic,1991-12-18,egor bogdanovic
renaldo,hopson,1992-04-11,renaldo hopson
devin,aminu,1997-01-19,devin aminu
novica,mathias,1993-04-21,novica mathias
mikael,mccree,1987-08-20,mikael mccree
schneider,polynice,1990-05-01,schneider polynice
glover,markovic,1992-10-22,glover markovic
sasu,muscala,1996-02-15,sasu muscala
banks,scrubb,1990-04-28,banks scrubb
la torre,mccaskill,1996-08-22,la torre mccaskill
dallas,mockevicius,1995-05-25,dallas mockevicius
ansu,gbinije,1992-02-19,ansu gbinije
christmas,clarke,1980-09-19,christmas clarke
kljajic,knudsen,1979-02-01,kljajic knudsen
christon,curry,1988-12-08,christon curry
moritz,maddox,1981-05-30,moritz maddox
norman,mack,1983-10-23,norman mack
crawford,feldeine,1995-09-16,crawford feldeine
wafer,blalock,1984-02-14,wafer blalock
putney,okoye,1969-02-03,putney okoye
garcia,krubally,1976-03-17,garcia krubally
darren,vidmar,1993-08-19,darren vidmar
watson,ware,1999-11-24,watson ware
poirier,o'quinn,1978-03-01,poirier o'quinn
terrell,exum,1994-08-17,terrell exum
salash,wolkowyski,1992-05-14,salash wolkowyski
udanoh,person,2000-10-27,udanoh person
franco,phil,1993-03-15,franco phil
terence,welsh,1977-10-31,terence welsh
de'aaron,bluiett,1997-06-17,de'aaron bluiett
bray,baldwin,1990-09-12,bray baldwin
marial,leslie,1994-02-27,marial leslie
heckmann,ely,1987-06-01,heckmann ely
briante,sasser,1979-10-24,briante sasser
pleiss,rabaseda,1986-03-21,pleiss rabaseda
jodie,sychev,1975-05-19,jodie sychev
guillermo,ashley,1982-06-23,guillermo ashley
sharma,garner,2000-07-09,sharma garner
martynas,boone,2000-04-06,martynas boone
bruno,maxiell,1992-11-17,bruno maxiell
mccaskill,jamison,1990-12-09,mccaskill jamison
nerlens,nailon,1995-12-11,nerlens nailon
xavi,kalinov,1991-08-08,xavi kalinov
moretti,zivanovic,1991-05-12,moretti zivanovic
dominguez,luke,1994-06-17,dominguez luke
printezis,akdamar,1986-12-23,printezis akdamar
giovanni,ilyasoglu,2004-05-16,giovanni ilyasoglu
moraschini,riller,1993-02-03,moraschini riller
hadi,jokic,1983-11-14,hadi jokic
devonte,bretzel,1991-03-10,devonte bretzel
munoz,dorsey,1987-11-05,munoz dorsey
nathan,echenique,1995-12-29,nathan echenique
christ,arslan,1997-10-02,christ arslan
dimitrijevic,giles,1985-11-15,dimitrijevic giles
pushkov,herro,1986-02-02,pushkov herro
jaleel,ollie,1993-02-12,jaleel ollie
deon,pavani,1992-07-04,deon pavani
ariely,douglas-roberts,1974-11-01,ariely douglas-roberts
gladness,alston,1980-12-07,gladness alston
amir,finley,1993-07-23,amir finley
caglio,smith,1990-03-20,caglio smith
dogus,beaubois,1995-12-22,dogus beaubois
terry,palacio,1995-08-22,terry palacio
ruffin,krause,1996-10-04,ruffin krause
drell,thornwell,1985-03-31,drell thornwell
joey,siler,1994-10-25,joey siler
arnoldas,jacobsen,1992-12-13,arnoldas jacobsen
wilks,dee,1995-03-15,wilks dee
papapetrou,delow,1998-07-21,papapetrou delow
chillo,walker,1986-01-21,chillo walker
willis,maledon,1992-11-29,willis maledon
padgett,sykes,1992-09-03,padgett sykes
krunoslav,rebraca,2002-12-22,krunoslav rebraca
demetris,felicio,1998-10-13,demetris felicio
yuceoral,anunoby,1993-11-18,yuceoral anunoby
wally,ehigiator,1981-12-31,wally ehigiator
ioannis,gooden,1993-09-11,ioannis gooden
pascal,garland,1988-03-07,pascal garland
pavic,wiggins,1983-12-04,pavic wiggins
alonzo,dooling,1982-09-30,alonzo dooling
jankovic,preston,1989-11-28,jankovic preston
brad,frazier,1984-11-30,brad frazier
spencer,cleaves,1993-11-29,spencer cleaves
radanov,elegar,1985-10-25,radanov elegar
pablo,ostertag,1991-11-29,pablo ostertag
tomasz,strelnieks,1993-11-05,tomasz strelnieks
causeur,kasun,1986-04-01,causeur kasun
cousin,redd,2001-02-21,cousin redd
justin,milutinov,1996-08-11,justin milutinov
knight,trimble,2002-01-31,knight trimble
kuric,payne,2001-05-20,kuric payne
evan,doyle,1995-07-21,evan doyle
ilic,barthel,1975-04-06,ilic barthel
timothe,tote,1999-04-26,timothe tote
simanic,webster,2001-05-02,simanic webster
cheatham,drell,1978-01-21,cheatham drell
santana,blatche,1983-02-05,santana blatche
urtasun,pargo,1983-03-06,urtasun pargo
dobric,hardaway,1992-12-01,dobric hardaway
rudy,colom,1993-10-26,rudy colom
wood,hagans,1992-06-17,wood hagans
derrick,andersson,2001-01-05,derrick andersson
font,vlade,1977-04-02,font vlade
volodymyr,perovic,1985-03-10,volodymyr perovic
boban,fotu,2002-06-18,boban fotu
serron,dos,1977-07-31,serron dos
slavko,jackson,1999-03-20,slavko jackson
jamaal,kersey,1989-12-04,jamaal kersey
cristiano,wiltjer,1993-06-13,cristiano wiltjer
hilliard,neto,1988-10-30,hilliard neto
prepelic,robinson,1995-07-26,prepelic robinson
aj,miles,1992-07-11,aj miles
seraphin,cardinal,1990-05-05,seraphin cardinal
lighty,mccaw,2001-04-02,lighty mccaw
sviatoslav,radovic,1983-10-31,sviatoslav radovic
gary,mitrovic,1988-11-23,gary mitrovic
birkan,connaughton,1989-03-10,birkan connaughton
markel,abrines,1998-01-26,markel abrines
rajon,hummel,1994-05-03,rajon hummel
sychev,norris,1976-08-12,sychev norris
wells,leonard,1999-02-06,wells leonard
mccallum,ferguson,1990-01-16,mccallum ferguson
summers,mooney,1991-11-20,summers mooney
alex,cheatham,2001-01-21,alex cheatham
konate,bacon,1988-01-17,konate bacon
goodwin,kennedy,1999-03-30,goodwin kennedy
eimantas,mosley,1978-03-31,eimantas mosley
rebraca,hayward,1993-02-13,rebraca hayward
willie,silas,1987-04-29,willie silas
treier,courby,1989-05-30,treier courby
fitch,cancar,1992-10-27,fitch cancar
desi,korkmaz,2001-12-11,desi korkmaz
dijon,stojakovic,1986-09-25,dijon stojakovic
d'or,parrado,1984-07-09,d'or parrado
pusica,caupain,1996-07-17,pusica caupain
jahidi,dickens,1995-01-18,jahidi dickens
d'vauntes,mekowulu,1972-04-13,d'vauntes mekowulu
aaron,birch,1995-06-04,aaron birch
oberto,filippi,1990-05-19,oberto filippi
gianmarco,law,1986-11-30,gianmarco law
walsh,wayns,1982-03-29,walsh wayns
rj,birgander,2000-07-03,rj birgander
clyburn,hairston,1986-06-28,clyburn hairston
beane,alexandre,1976-01-21,beane alexandre
evgeny,stepania,1993-12-31,evgeny stepania
iman,bowen,1980-03-14,iman bowen
osetkowski,looney,1993-02-15,osetkowski looney
fortas,sims,1999-11-29,fortas sims
foster,flores,1987-02-04,foster flores
kloof,przybilla,1991-09-09,kloof przybilla
gintvainis,batiste,1997-06-25,gintvainis batiste
kinsey,babb,1983-12-28,kinsey babb
udoka,gonzalez,1995-11-30,udoka gonzalez
moochie,gugliotta,1971-12-25,moochie gugliotta
cain,murray,1995-12-02,cain murray
randy,johnson,1993-11-25,randy johnson
carlo,mcguire,1987-03-16,carlo mcguire
king,alpert,1983-01-20,king alpert
mckissic,carter,1985-11-21,mckissic carter
randle,wade,1988-12-05,randle wade
matteo,coffey,1994-03-04,matteo coffey
abdoulaye,mays,1982-11-27,abdoulaye mays
mamadi,rodriguez,1991-06-17,mamadi rodriguez
keldon,davidovac,1976-12-10,keldon davidovac
mindaugas,kabengele,1989-03-10,mindaugas kabengele
luz,appling,1995-05-05,luz appling
edney,matthew,1991-01-27,edney matthew
gian,conroy,1985-07-22,gian conroy
gabriel,moraschini,1986-05-20,gabriel moraschini
stan,aldemir,1993-09-09,stan aldemir
sene,ndour,1997-06-14,sene ndour
milaknis,hickerson,1989-07-08,milaknis hickerson
tuncer,kittles,1987-03-09,tuncer kittles
moss,bachynski,1969-09-19,moss bachynski
juwan,egwu,1995-04-09,juwan egwu
trent,saunders,1990-02-25,trent saunders
don,yildizli,1990-09-15,don yildizli
alpha,dixon,1989-06-30,alpha dixon
oroz,ginobili,1986-04-30,oroz ginobili
angelo,thabeet,1976-12-09,angelo thabeet
moses,motley,1993-04-19,moses motley
magarity,burke,1980-10-28,magarity burke
zeljko,bembry,1994-03-21,zeljko bembry
sirvydis,punter,1982-09-18,sirvydis punter
radoje,wood,1992-12-23,radoje wood
javier,ejim,1994-04-05,javier ejim
roberts,malmanis,1996-03-29,roberts malmanis
sanders,pekovic,1986-05-08,sanders pekovic
kaspar,ramos,2001-01-12,kaspar ramos
ristic,montero,1996-02-19,ristic montero
dermarr,jovanovic,1997-03-24,dermarr jovanovic
sesay,mahmutoglu,1998-07-11,sesay mahmutoglu
motos,payton,1996-06-02,motos payton
tote,cesar,1991-03-24,tote cesar
jonathan,newman,1991-06-03,jonathan newman
almond,gudaitis,1994-10-18,almond gudaitis
ozan,drummond,1989-01-30,ozan drummond
navarro,phillips,2000-12-30,navarro phillips
moon,sibert,1984-10-25,moon sibert
wembanyama,childs,2002-11-12,wembanyama childs
kavion,kerr,1977-05-27,kavion kerr
jamychal,benson,1981-01-19,jamychal benson
arslan,bazinas,1995-03-15,arslan bazinas
janari,woodard,1984-01-17,janari woodard
koufos,nixon,1992-04-27,koufos nixon
brussino,metu,1991-08-01,brussino metu
da ros,walton,1985-02-01,da ros walton
alejandro,mekel,2003-01-04,alejandro mekel
onyeka,de,1976-06-02,onyeka de
donovan,terrell,1991-03-09,donovan terrell
tristan,senglin,1992-01-07,tristan senglin
bracey,upson,1994-03-29,bracey upson
qyntel,mccullough,1993-05-17,qyntel mccullough
wiley,klepeisz,1987-07-06,wiley klepeisz
de'andre,zizic,1976-04-23,de'andre zizic
millsap,tolliver,1999-01-18,millsap tolliver
guduric,drake,1978-02-04,guduric drake
mo,guyton,1978-06-28,mo guyton
fotsis,rider,1997-07-17,fotsis rider
viacheslav,kyser,1980-05-09,viacheslav kyser
russell,hayes,1990-04-09,russell hayes
bennett,pajola,1991-11-12,bennett pajola
athanasios,bowdler,2002-05-03,athanasios bowdler
keith,paige,1997-12-05,keith paige
pavani,yao,1989-11-01,pavani yao
dunston,newble,1984-03-28,dunston newble
deng,townes,1989-08-29,deng townes
atias,zanelli,1987-03-06,atias zanelli
alando,nedovic,1991-05-16,alando nedovic
oliver,medvedenko,1986-05-15,oliver medvedenko
conroy,mashburn,1995-05-04,conroy mashburn
mekel,heckmann,1989-11-21,mekel heckmann
raef,maggette,1987-06-21,raef maggette
perry,monk,1999-01-21,perry monk
delk,cooke,1990-04-05,delk cooke
moore,bayehe,1976-09-12,moore bayehe
speedy,faverani,1986-05-07,speedy faverani
salvatore,forte,1984-08-22,salvatore forte
thabo,pinson,1999-12-06,thabo pinson
cooley,funderburke,1996-10-18,cooley funderburke
jumaine,avdija,1991-11-23,jumaine avdija
dean,collins,1989-02-24,dean collins
bargnani,turiaf,1994-05-23,bargnani turiaf
mitrovic,vesely,1978-02-09,mitrovic vesely
chauncey,bellas,1990-06-03,chauncey bellas
conti,forbes,1988-12-17,conti forbes
kobe,satterfield,1999-03-10,kobe satterfield
ozdemir,raduljica,1989-09-17,ozdemir raduljica
lipkevicius,de,1988-02-07,lipkevicius de
de'anthony,hickson,1998-02-20,de'anthony hickson
rokas,parakhouski,1991-11-23,rokas parakhouski
donyell,tessitori,1996-08-16,donyell tessitori
marcus,nogueira,1985-12-21,marcus nogueira
yuriy,guy,1972-05-05,yuriy guy
casey,ledo,2001-09-22,casey ledo
temple,infante,1985-06-30,temple infante
ayon,poythress,1986-07-15,ayon poythress
malmanis,dobric,1983-10-17,malmanis dobric
margiris,jacobs,1990-04-01,margiris jacobs
omer,artest,1989-10-28,omer artest
rodrigue,trybanski,1981-08-02,rodrigue trybanski
melo,rousselle,1988-04-03,melo rousselle
kim,sant-roos,1985-09-20,kim sant-roos
lahaou,alves,1995-06-23,lahaou alves
doron,buckner,2000-05-08,doron buckner
armon,kleber,1997-07-29,armon kleber
grayson,n'doye,1990-11-09,grayson n'doye
marco,olaizola,1976-05-20,marco olaizola
berkay,dragic,1987-06-18,berkay dragic
shamarkus,bako,1980-05-03,shamarkus bako
danilo,spellman,1983-06-16,danilo spellman
kassius,brenneke,1990-02-20,kassius brenneke
mustafa,lukovic,1975-10-04,mustafa lukovic
del val garcia,datome,1983-12-07,del val garcia datome
zaza,neal,1983-10-29,zaza neal
bob,casarin,1977-02-10,bob casarin
daequan,batum,1987-02-25,daequan batum
jaden,ratton,1989-08-23,jaden ratton
vouyoukas,putney,1987-11-03,vouyoukas putney
barber,tarlac,1993-03-09,barber tarlac
delroy,day,1976-02-29,delroy day
dewan,forrest,1988-06-06,dewan forrest
deandre,deck,1991-05-24,deandre deck
lindsey,garbajosa,1983-03-28,lindsey garbajosa
popovic,tsakalidis,1991-08-03,popovic tsakalidis
larry,logan,1980-10-18,larry logan
yue,magassa,1995-08-07,yue magassa
zydrunas,sastre,1993-01-09,zydrunas sastre
vezenkov,abdul-wahad,2000-09-06,vezenkov abdul-wahad
eatherton,murry,1978-06-28,eatherton murry
quinndary,moerman,1978-02-19,quinndary moerman
garuba,jefferies,1988-01-08,garuba jefferies
jeremiah,evans,1990-04-20,jeremiah evans
wayne,varda,1981-10-19,wayne varda
khryapa,weaver,1992-12-02,khryapa weaver
cotton,clyburn,1982-08-14,cotton clyburn
mengke,cervi,1994-03-09,mengke cervi
jarrod,petrucelli,1995-01-08,jarrod petrucelli
sipahi,robbie,1985-02-19,sipahi robbie
mason,lopatin,1993-10-16,mason lopatin
catanella,hannah,1987-08-18,catanella hannah
rasheed,glover,1990-11-08,rasheed glover
mcfadden,bell-holter,1989-03-02,mcfadden bell-holter
llull,trent,1984-02-19,llull trent
balvin,ceballos,1991-08-07,balvin ceballos
jr,lasme,2002-01-04,jr lasme
cesar lima,fox,1985-12-02,cesar lima fox
shawn,lammers,1983-01-04,shawn lammers
rolands,dubljevic,1988-09-29,rolands dubljevic
leroy,simpkins,1991-08-01,leroy simpkins
yante,queeley,1998-10-07,yante queeley
dorsey,mayo,1985-05-30,dorsey mayo
eulis,harrellson,2002-09-04,eulis harrellson
brezec,ayres,1989-09-19,brezec ayres
palacio,stith,1994-04-16,palacio stith
beasley,san,1993-11-08,beasley san
karl,fitch,1986-04-08,karl fitch
djurisic,adiguzel,1988-01-18,djurisic adiguzel
farmar,larue,1995-07-16,farmar larue
mack,ubiles,1980-03-30,mack ubiles
breein,johnson-odom,1990-07-08,breein johnson-odom
gaspardo,vanderbilt,1986-09-07,gaspardo vanderbilt
christian,evstigneev,1988-03-15,christian evstigneev
babatunde,o'neal,1970-05-09,babatunde o'neal
loyd,boumtje-boumtje,1985-09-14,loyd boumtje-boumtje
kaimakoglou,munford,1994-05-20,kaimakoglou munford
mazzola,wingate,2002-08-23,mazzola wingate
d'ercole,alonso,1993-01-09,d'ercole alonso
sundiata,ladurner,1992-03-13,sundiata ladurner
lionel,kuric,1994-09-20,lionel kuric
ratton,zipser,1982-08-03,ratton zipser
taurean,stoilov,1987-01-18,taurean stoilov
roscoe,bartolome,1989-07-03,roscoe bartolome
beniamino,macklin,1976-12-08,beniamino macklin
rabaseda,bazemore,1986-01-02,rabaseda bazemore
jarvis,frisby,1990-03-08,jarvis frisby
joel,bogut,1985-10-06,joel bogut
antoine,layman,1986-05-14,antoine layman
woods,harrow,1987-04-28,woods harrow
devonte',payton,1996-09-07,devonte' payton
garbajosa,macijauskas,1994-10-17,garbajosa macijauskas
horton,joseph,1992-02-25,horton joseph
andrei,diakite,1990-01-04,andrei diakite
ford,plumlee,1994-03-28,ford plumlee
tevfik,georges-hunt,1993-03-23,tevfik georges-hunt
ilnitskiy,acker,1975-12-01,ilnitskiy acker
omic,tomas,1991-07-28,omic tomas
michael,skinner,1996-05-29,michael skinner
bornn,samuels,1976-06-23,bornn samuels
kristaps,lucas,1980-10-16,kristaps lucas
leonardo,diaz,1975-10-15,leonardo diaz
kenneth,farrakhan,1988-12-07,kenneth farrakhan
abdul,flynn,1994-06-26,abdul flynn
slokar,caboclo,1994-07-12,slokar caboclo
akyazili,doumbouya,1986-05-26,akyazili doumbouya
luol,palumbo,1995-04-07,luol palumbo
chuma,monte,1988-10-30,chuma monte
derek,dickau,1983-05-05,derek dickau
birch,harkless,1991-04-02,birch harkless
udom,ross,1986-07-03,udom ross
almazan,koufos,1988-05-24,almazan koufos
erten,starks,1993-05-27,erten starks
sulaimon,dellosto,1990-06-18,sulaimon dellosto
jabari,brown,2003-05-31,jabari brown
jeryl,montague,1996-01-23,jeryl montague
dikembe,felton,1992-05-14,dikembe felton
salvo llambrich,hackett,2002-03-29,salvo llambrich hackett
anderson,campbell,1994-10-12,anderson campbell
yannick,afflalo,1993-10-05,yannick afflalo
parra,declercq,1989-08-07,parra declercq
leslie,fernando,1987-01-26,leslie fernando
quinn,freeland,1993-11-25,quinn freeland
helmanis,klimenko,1994-11-20,helmanis klimenko
dickey,kravtsov,1976-11-02,dickey kravtsov
balbay,battie,1997-06-10,balbay battie
corey,wesley,2001-08-02,corey wesley
dickens,cummings,1992-08-25,dickens cummings
phil,radanov,1995-07-22,phil radanov
kay,richard,1999-08-07,kay richard
guilliem,giannopoulos,1974-11-01,guilliem giannopoulos
aleksa,beachem,1979-06-06,aleksa beachem
vittorio,reed,1993-02-25,vittorio reed
devecchi,adams,2001-01-17,devecchi adams
goldwire,gai,1995-03-10,goldwire gai
gasper,queen,2000-08-28,gasper queen
barnies,robertson,1993-04-10,barnies robertson
marti,chalmers,1979-05-08,marti chalmers
gherardo,allred,1983-05-22,gherardo allred
candan,williams,1984-01-28,candan williams
jakeenan,gerun,1985-05-27,jakeenan gerun
jamal,o'bryant,1993-04-02,jamal o'bryant
voshon,volkhin,1994-03-26,voshon volkhin
armstrong,stanley,1983-01-24,armstrong stanley
jagodic-kuridza,basso,1988-01-16,jagodic-kuridza basso
sagaba,willis,1989-08-21,sagaba willis
bonzie,landers,1987-04-22,bonzie landers
sertac,wesson,1977-07-18,sertac wesson
damone,larkin,1993-11-09,damone larkin
punter,vezenkov,1982-07-18,punter vezenkov
de colo,beal,1995-08-20,de colo beal
mccalebb,jabour,1984-04-06,mccalebb jabour
marek,clark,1992-02-04,marek clark
viny,potapenko,1999-07-13,viny potapenko
delfino,irving,1993-12-01,delfino irving
ryan,bender,1993-03-29,ryan bender
ohlbrecht,rabb,1984-04-01,ohlbrecht rabb
timma,olajuwon,1999-07-24,timma olajuwon
myck,porzingis,1993-05-02,myck porzingis
moerman,stiemsma,1993-08-15,moerman stiemsma
ukic,venskus,1999-04-10,ukic venskus
jakovics,ferrando,1992-06-12,jakovics ferrando
shelvin,khvostov,1990-05-10,shelvin khvostov
alvin,poeltl,1999-04-19,alvin poeltl
rigo,conklin,1995-12-21,rigo conklin
caleb,radmanovic,2001-02-02,caleb radmanovic
rivero,uzinskiy,1986-06-07,rivero uzinskiy
ellis,wafer,1973-04-11,ellis wafer
haislip,hobson,1979-04-18,haislip hobson
fabien,jeter,1993-12-27,fabien jeter
alviti,pasecniks,1988-02-14,alviti pasecniks
jenkins,ponds,1995-01-31,jenkins ponds
gytis,jerebko,1986-09-10,gytis jerebko
dwight,ingram,1996-09-13,dwight ingram
loren,hinrich,1996-03-17,loren hinrich
pajola,kilpatrick,1990-12-25,pajola kilpatrick
sabatini,mitoglou,2000-05-23,sabatini mitoglou
jokubaitis,mckie,1992-05-05,jokubaitis mckie
albert,carroll,1990-03-18,albert carroll
duje,vaulet,1994-08-31,duje vaulet
alpert,magarity,1995-06-25,alpert magarity
andreas,dunn,1985-09-11,andreas dunn
osby,anderson,1987-08-15,osby anderson
parrillo,marinkovic,1992-06-03,parrillo marinkovic
metin,akognon,1995-04-10,metin akognon
amar'e,webber,1995-07-23,amar'e webber
edwards,marti,2003-04-05,edwards marti
arturs,carrington,1998-11-15,arturs carrington
sterling,feick,1986-05-25,sterling feick
hayes,hawes,1993-06-22,hayes hawes
krstic,marshall,1992-08-13,krstic marshall
o'bryant iii,tobey,1997-11-10,o'bryant iii tobey
tomas,zanna,1986-06-04,tomas zanna
cate,vinicius,1985-06-23,cate vinicius
jerebko,leday,1983-01-02,jerebko leday
baker,delfino,1988-06-20,baker delfino
campazzo,dieng,1981-04-20,campazzo dieng
odom,herrmann,1990-10-02,odom herrmann
ariel,geben,2002-04-20,ariel geben
dez,balkman,1984-02-23,dez balkman
awudu,coronica,1989-04-09,awudu coronica
pecherov,thompkins,2003-02-22,pecherov thompkins
braun,kloof,1989-11-01,braun kloof
douglas-roberts,eyenga,1985-08-29,douglas-roberts eyenga
whitehead,batista,1983-01-27,whitehead batista
elijah,byars,1997-04-18,elijah byars
poeta,dudley,1992-07-01,poeta dudley
bismack,quinn,1987-11-18,bismack quinn
domantas,cebasek,1976-02-14,domantas cebasek
shai,drew,1993-02-15,shai drew
rui,del,1974-02-18,rui del
lonnie,dalembert,1982-10-13,lonnie dalembert
dave,devecchi,1995-03-26,dave devecchi
cunningham,moultrie,1989-07-06,cunningham moultrie
felix,ricci,1990-01-21,felix ricci
trey,heal,1988-09-09,trey heal
ron,macculloch,1989-11-11,ron macculloch
guerra,henry,1982-06-13,guerra henry
kirk,rochestie,1985-12-21,kirk rochestie
payne,iverson,1984-12-24,payne iverson
webb iii,kolios,1984-04-01,webb iii kolios
tanoulis,graham,1989-11-20,tanoulis graham
cummings,kelley,1991-04-08,cummings kelley
coronica,ebi,1990-10-28,coronica ebi
baron,lacombe,1990-08-07,baron lacombe
udonis,owens,1986-01-15,udonis owens
freeland,u'u,1993-08-29,freeland u'u
shayne,withers,1993-02-04,shayne withers
shields,foote,1989-07-11,shields foote
babbitt,dupree,1986-06-11,babbitt dupree
giannopoulos,budinger,1995-12-29,giannopoulos budinger
kobi,angley,1992-04-09,kobi angley
shawnelle,sura,1979-12-28,shawnelle sura
stanley,hernangomez,2003-12-07,stanley hernangomez
ronnie,bryant,1992-08-12,ronnie bryant
darrick,choupas,1992-08-19,darrick choupas
juan carlos,gaines,1986-09-15,juan carlos gaines
emmanuel,berhanemeskel,1995-03-13,emmanuel berhanemeskel
yudai,baba,1982-11-11,yudai baba
vinales,chikoko,1992-06-27,vinales chikoko
nesby,birutis,1980-08-05,nesby birutis
san miguel,bertans,1993-02-07,san miguel bertans
keifer,barbieri,1991-04-19,keifer barbieri
luke,balbi,1993-03-19,luke balbi
holt,highsmith,1994-10-01,holt highsmith
jakarr,zagars,1995-09-13,jakarr zagars
david,davies,1979-04-13,david davies
leandro,paunic,1993-01-06,leandro paunic
lamelo,umrikhin,1990-02-04,lamelo umrikhin
billy,faye,1996-02-09,billy faye
batiste,cassell,1991-04-15,batiste cassell
magette,watson,1995-07-21,magette watson
rautins,morgan,1989-07-07,rautins morgan
howard,sundov,1980-01-13,howard sundov
sam,howard,1983-02-16,sam howard
zack,wiley,1993-02-14,zack wiley
xabi,nwaba,1994-04-28,xabi nwaba
sacchetti,perrantes,1995-06-22,sacchetti perrantes
quincy,montross,1985-12-26,quincy montross
ndjock,perry,1994-10-09,ndjock perry
hermannsson,savovic,1986-09-29,hermannsson savovic
fogg,recasner,1975-04-30,fogg recasner
shved,winslow,1983-11-07,shved winslow
juan,uskokovic,1994-12-08,juan uskokovic
brackins,vassell,1995-02-17,brackins vassell
stockton,pruitt,1990-12-20,stockton pruitt
skinner,trepagnier,1988-03-04,skinner trepagnier
melvin,milicic,1992-10-13,melvin milicic
metta,liggins,1990-04-23,metta liggins
mattia,o'bryant,1996-04-28,mattia o'bryant
viktor,kabongo,1990-02-15,viktor kabongo
gielo,keefe,1973-10-15,gielo keefe
chasson,munoz,1991-04-13,chasson munoz
renfroe,foyle,1994-02-09,renfroe foyle
nuni,alexander-walker,1990-05-06,nuni alexander-walker
leunen,bilan,1978-05-10,leunen bilan
tim,hlinason,1981-03-31,tim hlinason
mccoy,treier,1984-02-29,mccoy treier
thanasis,campazzo,1984-07-07,thanasis campazzo
michale,kingsley,1988-11-08,michale kingsley
zubkov,mcinnis,1989-11-13,zubkov mcinnis
fridzon,kaimakoglou,1986-01-17,fridzon kaimakoglou
gee,ahearn,1987-05-19,gee ahearn
zeke,ivey,1985-02-01,zeke ivey
cliff,giricek,1993-03-08,cliff giricek
jaycee,kazemi,1995-11-30,jaycee kazemi
shannon,qi,1981-05-04,shannon qi
wanamaker,loyd,1984-05-12,wanamaker loyd
saunders,de,1991-10-15,saunders de
willy,udom,1992-02-05,willy udom
stevic,sanna,1994-06-08,stevic sanna
dahntay,crabbe,2001-08-25,dahntay crabbe
williams,mickey,1997-12-31,williams mickey
jamel,saybir,2002-10-22,jamel saybir
kelvin,thiemann,1997-04-10,kelvin thiemann
cancar,ferry,2000-05-29,cancar ferry
milko,gene,1995-08-09,milko gene
suarez,andriuskevicius,1993-08-03,suarez andriuskevicius
milton,piatkowski,1992-06-04,milton piatkowski
antawn,saric,1990-11-03,antawn saric
knudsen,artis,1992-11-12,knudsen artis
filippo,dunston,1989-10-07,filippo dunston
oriol,kendley,1993-01-20,oriol kendley
sow,fantinelli,1997-11-05,sow fantinelli
van rossom,simien,1981-12-03,van rossom simien
n'doye,nwaelele,1994-02-11,n'doye nwaelele
ognjen,ennis,2001-04-19,ognjen ennis
mcfarlin,nowitzki,1997-01-03,mcfarlin nowitzki
deron,oakley,1998-06-06,deron oakley
jaime,toolson,1991-05-29,jaime toolson
visconti,favors,2003-09-01,visconti favors
jerryd,bibby,1992-08-24,jerryd bibby
mcclish,hibbert,1979-05-28,mcclish hibbert
ware,milaknis,1985-05-31,ware milaknis
